Run	Alias
ERR957154	Baboon1
ERR957155	Baboon2
ERR957156	Baboon3
ERR957157	Baboon4
ERR957158	Baboon5
ERR957159	Baboon6
ERR957160	Baboon7
ERR957161	Baboon8
ERR957162	Baboon9
ERR957163	Baboon10
ERR957164	Baboon11
ERR957165	Baboon12
ERR957166	Baboon13
ERR957167	Baboon14
ERR957168	Baboon15
ERR957169	Baboon16
ERR957170	Baboon17
ERR957171	Baboon18
ERR957172	Baboon19
ERR957173	Baboon20
ERR957174	Baboon21
ERR957175	Baboon22
ERR957176	Baboon23
ERR957177	Baboon24
ERR957178	Baboon25
ERR957179	Baboon26
ERR957180	Baboon27
ERR957181	Baboon28
ERR957182	Baboon29
ERR957183	Baboon30
ERR957184	Baboon31
ERR957185	Baboon32
ERR957186	Baboon33
ERR957187	Baboon34
ERR957188	Baboon35
ERR957189	Baboon36
ERR957190	Baboon37
ERR957191	Baboon38
ERR957192	Baboon39
ERR957193	Baboon40
ERR957194	Baboon41
ERR957195	Baboon42
ERR957196	Baboon43
ERR957197	Baboon44
ERR957198	Baboon45
ERR957199	Baboon46
ERR957200	Baboon47
ERR957201	Baboon48
ERR957202	Baboon49
ERR957203	Baboon50
ERR957204	Baboon51
ERR957205	Baboon52
ERR957206	Baboon53
ERR957207	Baboon54
ERR957208	Baboon55
ERR957209	Baboon56
ERR957210	Baboon57
ERR957211	Baboon58
ERR957212	Baboon59
ERR957213	Baboon60
ERR957214	Baboon61
ERR957215	Baboon62
ERR957216	Baboon63
ERR957217	Baboon64
ERR957218	Baboon65
ERR957219	Baboon66
ERR957220	Baboon67
ERR957221	Baboon68
ERR957222	Saoudi1
ERR957223	Saoudi2
ERR957224	Saoudi3
ERR957225	Saoudi4
ERR957226	Saoudi5
ERR957227	Saoudi6
ERR957228	Saoudi7
ERR957229	Saoudi8
ERR957230	Saoudi9
ERR957231	Saoudi10
ERR957232	Saoudi11
ERR957233	Saoudi12
ERR957234	Saoudi13
ERR957235	Saoudi14
ERR957236	Saoudi15
ERR957237	Saoudi16
ERR957238	Saoudi17
ERR957239	Saoudi18
ERR957240	Bedouin1
ERR957241	Bedouin2
ERR957242	Bedouin3
ERR957243	Bedouin4
ERR957244	Bedouin5
ERR957245	Bedouin6
ERR957246	Bedouin7
ERR957247	Bedouin8
ERR957248	Bedouin9
ERR957249	Bedouin10
ERR957250	Bedouin11
ERR957251	Bedouin12
ERR957252	Bedouin13
ERR957253	Bedouin14
ERR957254	Bedouin15
ERR957255	Bedouin16
ERR957256	Bedouin17
ERR957257	Bedouin18
ERR957258	Bedouin19
ERR957259	Bedouin20
ERR957260	Bedouin21
ERR957261	Bedouin22
ERR957262	Fermented_Food1
ERR957263	Fermented_Food2
ERR957264	Fermented_Food3
ERR957265	Fermented_Food4
ERR957266	Fermented_Food5
ERR957267	Fermented_Food6
ERR957268	Fermented_Food7
ERR957269	Fermented_Food8
ERR957270	Fermented_Food9
ERR957271	Fermented_Food10
ERR957272	Fermented_Food11
ERR957273	Fermented_Food12
