SRR5799796_1.fastq.gz	51M	May	11	05:11
SRR5799796_2.fastq.gz	52M	May	11	05:11
SRR5799797_1.fastq.gz	194M	May	11	05:14
SRR5799797_2.fastq.gz	180M	May	11	05:14
SRR5799798_1.fastq.gz	80M	May	12	13:22
SRR5799798_2.fastq.gz	81M	May	12	13:22
SRR5799799_1.fastq.gz	87M	May	13	19:16
SRR5799799_2.fastq.gz	77M	May	13	19:16
SRR5799800_1.fastq.gz	148M	May	11	05:21
SRR5799800_2.fastq.gz	168M	May	11	05:21
SRR5799801_1.fastq.gz	106M	May	11	05:23
SRR5799801_2.fastq.gz	92M	May	11	05:23
SRR5799802_1.fastq.gz	132M	May	11	05:26
SRR5799802_2.fastq.gz	117M	May	11	05:26
SRR5799803_1.fastq.gz	4M	May	11	05:28
SRR5799803_2.fastq.gz	4M	May	11	05:28
SRR5799804_1.fastq.gz	139M	May	11	05:30
SRR5799804_2.fastq.gz	124M	May	11	05:30
SRR5799805_1.fastq.gz	59M	May	11	05:32
SRR5799805_2.fastq.gz	48M	May	11	05:32
SRR5799806_1.fastq.gz	40M	May	11	05:35
SRR5799806_2.fastq.gz	49M	May	11	05:35
SRR5799807_1.fastq.gz	3M	May	11	05:37
SRR5799807_2.fastq.gz	3M	May	11	05:37
SRR5799808_1.fastq.gz	94M	May	11	05:39
SRR5799808_2.fastq.gz	80M	May	11	05:39
SRR5799809_1.fastq.gz	165M	May	11	05:42
SRR5799809_2.fastq.gz	148M	May	11	05:42
SRR5799810_1.fastq.gz	3M	May	11	05:44
SRR5799810_2.fastq.gz	3M	May	11	05:44
SRR5799811_1.fastq.gz	137M	May	11	05:47
SRR5799811_2.fastq.gz	150M	May	11	05:47
SRR5799812_1.fastq.gz	120M	May	11	05:49
SRR5799812_2.fastq.gz	116M	May	11	05:49
SRR5799813_1.fastq.gz	28M	May	11	05:51
SRR5799813_2.fastq.gz	27M	May	11	05:51
SRR5799814_1.fastq.gz	152M	May	11	05:54
SRR5799814_2.fastq.gz	172M	May	11	05:54
SRR5799815_1.fastq.gz	141M	May	11	05:56
SRR5799815_2.fastq.gz	161M	May	11	05:56
SRR5799816_1.fastq.gz	176M	May	11	05:58
SRR5799816_2.fastq.gz	155M	May	11	05:58
SRR5799817_1.fastq.gz	125M	May	11	06:01
SRR5799817_2.fastq.gz	137M	May	11	06:01
SRR5799818_1.fastq.gz	80M	May	11	06:03
SRR5799818_2.fastq.gz	84M	May	11	06:03
SRR5799819_1.fastq.gz	13M	May	11	06:05
SRR5799819_2.fastq.gz	13M	May	11	06:05
SRR5799820_1.fastq.gz	15M	May	11	06:08
SRR5799820_2.fastq.gz	12M	May	11	06:08
SRR5799821_1.fastq.gz	84M	May	11	06:10
SRR5799821_2.fastq.gz	99M	May	11	06:10
SRR5799822_1.fastq.gz	18M	May	11	06:12
SRR5799822_2.fastq.gz	20M	May	11	06:12
SRR5799823_1.fastq.gz	153M	May	11	06:14
SRR5799823_2.fastq.gz	137M	May	11	06:14
SRR5799824_1.fastq.gz	25M	May	11	06:17
SRR5799824_2.fastq.gz	30M	May	11	06:17
SRR5799825_1.fastq.gz	141M	May	11	06:19
SRR5799825_2.fastq.gz	141M	May	11	06:19
SRR5799826_1.fastq.gz	103M	May	11	06:21
SRR5799826_2.fastq.gz	104M	May	11	06:21
SRR5799827_1.fastq.gz	118M	May	11	06:24
SRR5799827_2.fastq.gz	113M	May	11	06:24
SRR5799828_1.fastq.gz	129M	May	11	06:26
SRR5799828_2.fastq.gz	114M	May	11	06:26
SRR5799829_1.fastq.gz	110M	May	11	06:29
SRR5799829_2.fastq.gz	101M	May	11	06:29
SRR5799830_1.fastq.gz	209M	May	13	19:17
SRR5799830_2.fastq.gz	186M	May	13	19:17
SRR5799831_1.fastq.gz	123M	May	11	06:34
SRR5799831_2.fastq.gz	106M	May	11	06:34
SRR5799832_1.fastq.gz	123M	May	11	06:36
SRR5799832_2.fastq.gz	109M	May	11	06:36
SRR5799833_1.fastq.gz	59M	May	11	06:38
SRR5799833_2.fastq.gz	63M	May	11	06:38
SRR5799834_1.fastq.gz	164M	May	11	06:41
SRR5799834_2.fastq.gz	145M	May	11	06:41
SRR5799835_1.fastq.gz	156M	May	11	06:43
SRR5799835_2.fastq.gz	177M	May	11	06:43
SRR5799836_1.fastq.gz	105M	May	11	06:45
SRR5799836_2.fastq.gz	104M	May	11	06:45
SRR5799837_1.fastq.gz	25M	May	11	06:48
SRR5799837_2.fastq.gz	31M	May	11	06:48
SRR5799838_1.fastq.gz	61M	May	11	06:50
SRR5799838_2.fastq.gz	63M	May	11	06:50
SRR5799839_1.fastq.gz	63M	May	11	06:52
SRR5799839_2.fastq.gz	63M	May	11	06:52
SRR5799840_1.fastq.gz	60M	May	11	06:55
SRR5799840_2.fastq.gz	65M	May	11	06:55
SRR5799841_1.fastq.gz	141M	May	11	06:57
SRR5799841_2.fastq.gz	159M	May	11	06:57
SRR5799842_1.fastq.gz	150M	May	11	07:00
SRR5799842_2.fastq.gz	144M	May	11	07:00
SRR5799843_1.fastq.gz	104M	May	11	07:02
SRR5799843_2.fastq.gz	106M	May	11	07:02
SRR5799844_1.fastq.gz	166M	May	11	07:05
SRR5799844_2.fastq.gz	147M	May	11	07:05
SRR5799845_1.fastq.gz	35M	May	11	07:07
SRR5799845_2.fastq.gz	43M	May	11	07:07
SRR5799846_1.fastq.gz	98M	May	11	10:09
SRR5799846_2.fastq.gz	98M	May	11	10:09
SRR5799847_1.fastq.gz	158M	May	13	19:17
SRR5799847_2.fastq.gz	162M	May	13	19:17
SRR5799848_1.fastq.gz	87M	May	11	10:14
SRR5799848_2.fastq.gz	82M	May	11	10:14
SRR5799849_1.fastq.gz	64M	May	13	19:18
SRR5799849_2.fastq.gz	67M	May	13	19:18
SRR5799850_1.fastq.gz	98M	May	11	10:18
SRR5799850_2.fastq.gz	103M	May	11	10:18
SRR5799851_1.fastq.gz	136M	May	11	10:21
SRR5799851_2.fastq.gz	131M	May	11	10:21
SRR5799852_1.fastq.gz	68M	May	11	10:23
SRR5799852_2.fastq.gz	68M	May	11	10:23
SRR5799853_1.fastq.gz	129M	May	11	10:25
SRR5799853_2.fastq.gz	123M	May	11	10:25
SRR5799854_1.fastq.gz	129M	May	11	10:28
SRR5799854_2.fastq.gz	134M	May	11	10:28
SRR5799855_1.fastq.gz	160M	May	11	10:30
SRR5799855_2.fastq.gz	144M	May	11	10:30
SRR5799856_1.fastq.gz	67M	May	11	10:32
SRR5799856_2.fastq.gz	55M	May	11	10:32
SRR5799857_1.fastq.gz	109M	May	13	19:18
SRR5799857_2.fastq.gz	128M	May	13	19:18
SRR5799858_1.fastq.gz	89M	May	11	10:37
SRR5799858_2.fastq.gz	75M	May	11	10:37
SRR5799859_1.fastq.gz	10M	May	11	10:39
SRR5799859_2.fastq.gz	12M	May	11	10:39
SRR5799860_1.fastq.gz	128M	May	11	10:41
SRR5799860_2.fastq.gz	117M	May	11	10:41
SRR5799861_1.fastq.gz	82M	May	11	10:44
SRR5799861_2.fastq.gz	75M	May	11	10:44
SRR5799862_1.fastq.gz	121M	May	11	10:46
SRR5799862_2.fastq.gz	137M	May	11	10:46
SRR5799863_1.fastq.gz	162M	May	11	10:48
SRR5799863_2.fastq.gz	145M	May	11	10:48
SRR5799864_1.fastq.gz	142M	May	11	10:51
SRR5799864_2.fastq.gz	137M	May	11	10:51
SRR5799865_1.fastq.gz	114M	May	11	10:53
SRR5799865_2.fastq.gz	117M	May	11	10:53
SRR5799866_1.fastq.gz	80M	May	11	10:55
SRR5799866_2.fastq.gz	64M	May	11	10:55
SRR5799867_1.fastq.gz	44M	May	11	10:57
SRR5799867_2.fastq.gz	35M	May	11	10:57
SRR5799868_1.fastq.gz	88M	May	11	11:00
SRR5799868_2.fastq.gz	90M	May	11	11:00
SRR5799869_1.fastq.gz	118M	May	11	11:02
SRR5799869_2.fastq.gz	134M	May	11	11:02
SRR5799870_1.fastq.gz	152M	May	13	19:19
SRR5799870_2.fastq.gz	135M	May	13	19:19
SRR5799871_1.fastq.gz	148M	May	11	11:06
SRR5799871_2.fastq.gz	164M	May	11	11:06
SRR5799872_1.fastq.gz	136M	May	11	11:09
SRR5799872_2.fastq.gz	131M	May	11	11:09
SRR5799873_1.fastq.gz	146M	May	13	19:20
SRR5799873_2.fastq.gz	124M	May	13	19:20
SRR5799874_1.fastq.gz	60M	May	11	11:13
SRR5799874_2.fastq.gz	68M	May	11	11:13
SRR5799875_1.fastq.gz	107M	May	11	11:16
SRR5799875_2.fastq.gz	126M	May	11	11:16
SRR5799876_1.fastq.gz	133M	May	11	11:18
SRR5799876_2.fastq.gz	147M	May	11	11:18
SRR5799877_1.fastq.gz	113M	May	11	11:21
SRR5799877_2.fastq.gz	114M	May	11	11:21
SRR5799878_1.fastq.gz	97M	May	11	11:23
SRR5799878_2.fastq.gz	95M	May	11	11:23
SRR5799879_1.fastq.gz	112M	May	13	19:20
SRR5799879_2.fastq.gz	116M	May	13	19:20
SRR5799880_1.fastq.gz	151M	May	11	11:28
SRR5799880_2.fastq.gz	133M	May	11	11:28
SRR5799881_1.fastq.gz	156M	May	11	11:30
SRR5799881_2.fastq.gz	137M	May	11	11:30
SRR5799882_1.fastq.gz	90M	May	11	11:32
SRR5799882_2.fastq.gz	90M	May	11	11:32
SRR5799883_1.fastq.gz	127M	May	11	11:35
SRR5799883_2.fastq.gz	125M	May	11	11:35
SRR5799884_1.fastq.gz	136M	May	11	11:37
SRR5799884_2.fastq.gz	121M	May	11	11:37
SRR5799885_1.fastq.gz	45M	May	11	11:39
SRR5799885_2.fastq.gz	55M	May	11	11:39
SRR5799886_1.fastq.gz	52M	May	11	11:41
SRR5799886_2.fastq.gz	41M	May	11	11:41
SRR5799887_1.fastq.gz	215M	May	11	11:44
SRR5799887_2.fastq.gz	191M	May	11	11:44
SRR5799888_1.fastq.gz	164M	May	11	11:46
SRR5799888_2.fastq.gz	148M	May	11	11:46
SRR5799889_1.fastq.gz	223M	May	11	11:48
SRR5799889_2.fastq.gz	247M	May	11	11:48
SRR5799890_1.fastq.gz	27M	May	11	11:51
SRR5799890_2.fastq.gz	27M	May	11	11:51
SRR5799891_1.fastq.gz	149M	May	11	11:53
SRR5799891_2.fastq.gz	143M	May	11	11:53
SRR5799892_1.fastq.gz	80M	May	13	19:20
SRR5799892_2.fastq.gz	69M	May	13	19:20
SRR5799893_1.fastq.gz	136M	May	13	19:21
SRR5799893_2.fastq.gz	153M	May	13	19:21
SRR5799894_1.fastq.gz	57M	May	11	12:00
SRR5799894_2.fastq.gz	66M	May	11	12:00
SRR5799895_1.fastq.gz	113M	May	11	12:02
SRR5799895_2.fastq.gz	130M	May	11	12:02
SRR5799896_1.fastq.gz	110M	May	12	13:27
SRR5799896_2.fastq.gz	125M	May	12	13:27
SRR5799897_1.fastq.gz	41M	May	12	13:27
SRR5799897_2.fastq.gz	35M	May	12	13:27
SRR5799898_1.fastq.gz	69M	May	12	13:28
SRR5799898_2.fastq.gz	79M	May	12	13:28
SRR5799899_1.fastq.gz	52M	May	12	13:28
SRR5799899_2.fastq.gz	47M	May	12	13:28
SRR5799900_1.fastq.gz	83M	May	12	13:28
SRR5799900_2.fastq.gz	94M	May	12	13:28
SRR5799901_1.fastq.gz	96M	May	12	13:29
SRR5799901_2.fastq.gz	90M	May	12	13:29
SRR5799902_1.fastq.gz	26M	May	12	13:29
SRR5799902_2.fastq.gz	30M	May	12	13:29
SRR5799903_1.fastq.gz	127M	May	12	13:30
SRR5799903_2.fastq.gz	145M	May	12	13:30
SRR5799904_1.fastq.gz	2M	May	12	13:30
SRR5799904_2.fastq.gz	2M	May	12	13:30
SRR5799905_1.fastq.gz	42M	May	12	13:30
SRR5799905_2.fastq.gz	36M	May	12	13:30
SRR5799906_1.fastq.gz	124M	May	12	13:31
SRR5799906_2.fastq.gz	136M	May	12	13:31
SRR5799907_1.fastq.gz	151M	May	12	13:31
SRR5799907_2.fastq.gz	132M	May	12	13:31
SRR5799908_1.fastq.gz	62M	May	12	13:32
SRR5799908_2.fastq.gz	54M	May	12	13:32
SRR5799909_1.fastq.gz	1M	May	12	13:32
SRR5799909_2.fastq.gz	1M	May	12	13:32
SRR5799910_1.fastq.gz	62M	May	12	13:32
SRR5799910_2.fastq.gz	71M	May	12	13:32
SRR5799911_1.fastq.gz	129M	May	12	13:33
SRR5799911_2.fastq.gz	112M	May	12	13:33
SRR5799912_1.fastq.gz	107M	May	12	13:33
SRR5799912_2.fastq.gz	93M	May	12	13:33
SRR5799913_1.fastq.gz	97M	May	12	13:33
SRR5799913_2.fastq.gz	110M	May	12	13:33
SRR5799914_1.fastq.gz	130M	May	12	13:34
SRR5799914_2.fastq.gz	121M	May	12	13:34
SRR5799915_1.fastq.gz	13M	May	12	13:34
SRR5799915_2.fastq.gz	11M	May	12	13:34
SRR5799916_1.fastq.gz	91M	May	12	13:34
SRR5799916_2.fastq.gz	106M	May	12	13:34
SRR5799917_1.fastq.gz	78M	May	12	13:34
SRR5799917_2.fastq.gz	83M	May	12	13:34
SRR5799918_1.fastq.gz	152M	May	12	13:35
SRR5799918_2.fastq.gz	167M	May	12	13:35
SRR5799919_1.fastq.gz	136M	May	12	13:36
SRR5799919_2.fastq.gz	118M	May	12	13:36
SRR5799920_1.fastq.gz	85M	May	12	13:36
SRR5799920_2.fastq.gz	75M	May	12	13:36
SRR5799921_1.fastq.gz	127M	May	12	13:37
SRR5799921_2.fastq.gz	138M	May	12	13:37
SRR5799922_1.fastq.gz	107M	May	12	13:37
SRR5799922_2.fastq.gz	94M	May	12	13:37
SRR5799923_1.fastq.gz	94M	May	12	13:37
SRR5799923_2.fastq.gz	107M	May	12	13:37
SRR5799924_1.fastq.gz	108M	May	12	13:38
SRR5799924_2.fastq.gz	102M	May	12	13:38
SRR5799925_1.fastq.gz	94M	May	12	13:38
SRR5799925_2.fastq.gz	87M	May	12	13:38
SRR5799926_1.fastq.gz	51M	May	12	13:38
SRR5799926_2.fastq.gz	57M	May	12	13:38
SRR5799927_1.fastq.gz	28M	May	12	13:38
SRR5799927_2.fastq.gz	25M	May	12	13:38
SRR5799928_1.fastq.gz	58M	May	12	13:39
SRR5799928_2.fastq.gz	66M	May	12	13:39
SRR5799929_1.fastq.gz	98M	May	12	13:39
SRR5799929_2.fastq.gz	114M	May	12	13:39
SRR5799930_1.fastq.gz	32M	May	12	13:39
SRR5799930_2.fastq.gz	29M	May	12	13:39
SRR5799931_1.fastq.gz	84M	May	12	13:40
SRR5799931_2.fastq.gz	95M	May	12	13:40
SRR5799932_1.fastq.gz	125M	May	12	13:40
SRR5799932_2.fastq.gz	110M	May	12	13:40
SRR5799933_1.fastq.gz	41M	May	12	13:41
SRR5799933_2.fastq.gz	36M	May	12	13:41
SRR5799934_1.fastq.gz	31M	May	12	13:41
SRR5799934_2.fastq.gz	33M	May	12	13:41
SRR5799935_1.fastq.gz	124M	May	12	13:41
SRR5799935_2.fastq.gz	108M	May	12	13:41
SRR5799936_1.fastq.gz	124M	May	12	13:42
SRR5799936_2.fastq.gz	108M	May	12	13:42
SRR5799937_1.fastq.gz	59M	May	12	13:42
SRR5799937_2.fastq.gz	51M	May	12	13:42
SRR5799938_1.fastq.gz	108M	May	12	13:42
SRR5799938_2.fastq.gz	115M	May	12	13:42
SRR5799939_1.fastq.gz	9M	May	12	13:42
SRR5799939_2.fastq.gz	10M	May	12	13:42
SRR5799940_1.fastq.gz	63M	May	12	13:43
SRR5799940_2.fastq.gz	74M	May	12	13:43
SRR5799941_1.fastq.gz	56M	May	12	13:43
SRR5799941_2.fastq.gz	64M	May	12	13:43
SRR5799942_1.fastq.gz	52M	May	12	13:43
SRR5799942_2.fastq.gz	60M	May	12	13:43
SRR5799943_1.fastq.gz	101M	May	12	13:43
SRR5799943_2.fastq.gz	88M	May	12	13:43
SRR5799944_1.fastq.gz	74M	May	12	13:44
SRR5799944_2.fastq.gz	84M	May	12	13:44
SRR5799945_1.fastq.gz	81M	May	12	13:44
SRR5799945_2.fastq.gz	75M	May	12	13:44
SRR5799946_1.fastq.gz	27M	May	12	14:23
SRR5799946_2.fastq.gz	24M	May	12	14:23
SRR5799947_1.fastq.gz	158M	May	12	14:23
SRR5799947_2.fastq.gz	145M	May	12	14:23
SRR5799948_1.fastq.gz	105M	May	12	14:23
SRR5799948_2.fastq.gz	91M	May	12	14:23
SRR5799949_1.fastq.gz	151M	May	12	14:24
SRR5799949_2.fastq.gz	139M	May	12	14:24
SRR5799950_1.fastq.gz	122M	May	12	14:24
SRR5799950_2.fastq.gz	112M	May	12	14:24
SRR5799951_1.fastq.gz	11M	May	12	14:24
SRR5799951_2.fastq.gz	13M	May	12	14:24
SRR5799952_1.fastq.gz	109M	May	12	14:25
SRR5799952_2.fastq.gz	96M	May	12	14:25
SRR5799953_1.fastq.gz	118M	May	12	14:25
SRR5799953_2.fastq.gz	129M	May	12	14:25
SRR5799954_1.fastq.gz	96M	May	12	14:26
SRR5799954_2.fastq.gz	85M	May	12	14:26
SRR5799955_1.fastq.gz	37M	May	12	14:26
SRR5799955_2.fastq.gz	43M	May	12	14:26
SRR5799956_1.fastq.gz	64M	May	12	14:26
SRR5799956_2.fastq.gz	73M	May	12	14:26
SRR5799957_1.fastq.gz	80M	May	12	14:26
SRR5799957_2.fastq.gz	93M	May	12	14:26
SRR5799958_1.fastq.gz	116M	May	12	14:27
SRR5799958_2.fastq.gz	134M	May	12	14:27
SRR5799959_1.fastq.gz	170M	May	12	14:27
SRR5799959_2.fastq.gz	191M	May	12	14:27
SRR5799960_1.fastq.gz	110M	May	12	14:28
SRR5799960_2.fastq.gz	95M	May	12	14:28
SRR5799961_1.fastq.gz	118M	May	12	14:28
SRR5799961_2.fastq.gz	109M	May	12	14:28
SRR5799962_1.fastq.gz	120M	May	12	14:28
SRR5799962_2.fastq.gz	105M	May	12	14:28
SRR5799963_1.fastq.gz	46M	May	12	14:28
SRR5799963_2.fastq.gz	53M	May	12	14:28
SRR5799964_1.fastq.gz	84M	May	12	14:29
SRR5799964_2.fastq.gz	95M	May	12	14:29
SRR5799965_1.fastq.gz	102M	May	12	14:29
SRR5799965_2.fastq.gz	90M	May	12	14:29
SRR5799966_1.fastq.gz	61M	May	12	14:29
SRR5799966_2.fastq.gz	70M	May	12	14:29
SRR5799967_1.fastq.gz	142M	May	12	14:30
SRR5799967_2.fastq.gz	126M	May	12	14:30
SRR5799968_1.fastq.gz	53M	May	12	14:30
SRR5799968_2.fastq.gz	57M	May	12	14:30
SRR5799969_1.fastq.gz	121M	May	12	14:30
SRR5799969_2.fastq.gz	138M	May	12	14:30
SRR5799970_1.fastq.gz	115M	May	12	14:31
SRR5799970_2.fastq.gz	101M	May	12	14:31
SRR5799971_1.fastq.gz	110M	May	12	14:31
SRR5799971_2.fastq.gz	96M	May	12	14:31
SRR5799972_1.fastq.gz	88M	May	12	14:31
SRR5799972_2.fastq.gz	93M	May	12	14:31
SRR5799973_1.fastq.gz	125M	May	12	14:32
SRR5799973_2.fastq.gz	143M	May	12	14:32
SRR5799974_1.fastq.gz	31M	May	12	14:32
SRR5799974_2.fastq.gz	35M	May	12	14:32
SRR5799975_1.fastq.gz	99M	May	12	14:32
SRR5799975_2.fastq.gz	113M	May	12	14:32
SRR5799976_1.fastq.gz	105M	May	12	14:33
SRR5799976_2.fastq.gz	91M	May	12	14:33
SRR5799977_1.fastq.gz	103M	May	12	14:33
SRR5799977_2.fastq.gz	93M	May	12	14:33
SRR5799978_1.fastq.gz	92M	May	12	14:33
SRR5799978_2.fastq.gz	106M	May	12	14:33
SRR5799979_1.fastq.gz	39M	May	12	14:33
SRR5799979_2.fastq.gz	44M	May	12	14:33
SRR5799980_1.fastq.gz	121M	May	12	14:34
SRR5799980_2.fastq.gz	137M	May	12	14:34
SRR5799981_1.fastq.gz	83M	May	12	14:34
SRR5799981_2.fastq.gz	73M	May	12	14:34
SRR5799982_1.fastq.gz	51M	May	12	14:34
SRR5799982_2.fastq.gz	46M	May	12	14:34
SRR5799983_1.fastq.gz	154M	May	12	14:35
SRR5799983_2.fastq.gz	169M	May	12	14:35
SRR5799984_1.fastq.gz	127M	May	12	14:35
SRR5799984_2.fastq.gz	109M	May	12	14:35
SRR5799985_1.fastq.gz	115M	May	12	14:35
SRR5799985_2.fastq.gz	133M	May	12	14:35
SRR5799986_1.fastq.gz	21M	May	12	14:35
SRR5799986_2.fastq.gz	23M	May	12	14:35
SRR5799987_1.fastq.gz	94M	May	12	14:36
SRR5799987_2.fastq.gz	83M	May	12	14:36
SRR5800002_1.fastq.gz	41M	May	12	14:36
SRR5800002_2.fastq.gz	35M	May	12	14:36
SRR5800003_1.fastq.gz	66M	May	12	14:36
SRR5800003_2.fastq.gz	75M	May	12	14:36
SRR5800004_1.fastq.gz	101M	May	12	14:37
SRR5800004_2.fastq.gz	87M	May	12	14:37
SRR5800005_1.fastq.gz	140M	May	12	14:37
SRR5800005_2.fastq.gz	122M	May	12	14:37
SRR5800006_1.fastq.gz	141M	May	12	14:38
SRR5800006_2.fastq.gz	127M	May	12	14:38
SRR5800007_1.fastq.gz	1M	May	12	14:38
SRR5800007_2.fastq.gz	1M	May	12	14:38
SRR5800008_1.fastq.gz	119M	May	12	14:38
SRR5800008_2.fastq.gz	106M	May	12	14:38
SRR5800009_1.fastq.gz	122M	May	12	14:38
SRR5800009_2.fastq.gz	137M	May	12	14:38
SRR5800010_1.fastq.gz	50M	May	12	14:39
SRR5800010_2.fastq.gz	43M	May	12	14:39
SRR5800011_1.fastq.gz	77M	May	12	14:39
SRR5800011_2.fastq.gz	88M	May	12	14:39
SRR5800012_1.fastq.gz	162M	May	12	14:39
SRR5800012_2.fastq.gz	143M	May	12	14:39
SRR5800013_1.fastq.gz	107M	May	12	14:40
SRR5800013_2.fastq.gz	125M	May	12	14:40
SRR5800014_1.fastq.gz	120M	May	12	14:40
SRR5800014_2.fastq.gz	141M	May	12	14:40
SRR5800015_1.fastq.gz	100M	May	12	14:41
SRR5800015_2.fastq.gz	88M	May	12	14:41
SRR5800016_1.fastq.gz	88M	May	12	14:41
SRR5800016_2.fastq.gz	78M	May	12	14:41
SRR5800017_1.fastq.gz	47M	May	12	14:41
SRR5800017_2.fastq.gz	39M	May	12	14:41
SRR5800018_1.fastq.gz	98M	May	12	14:41
SRR5800018_2.fastq.gz	86M	May	12	14:41
SRR5800019_1.fastq.gz	42M	May	12	14:42
SRR5800019_2.fastq.gz	38M	May	12	14:42
SRR5800020_1.fastq.gz	142M	May	12	14:42
SRR5800020_2.fastq.gz	163M	May	12	14:42
SRR5800021_1.fastq.gz	75M	May	12	14:42
SRR5800021_2.fastq.gz	89M	May	12	14:42
SRR5800022_1.fastq.gz	80M	May	12	14:43
SRR5800022_2.fastq.gz	92M	May	12	14:43
SRR5800023_1.fastq.gz	87M	May	12	14:43
SRR5800023_2.fastq.gz	74M	May	12	14:43
SRR5800024_1.fastq.gz	119M	May	12	14:44
SRR5800024_2.fastq.gz	138M	May	12	14:44
SRR5800025_1.fastq.gz	126M	May	12	14:44
SRR5800025_2.fastq.gz	148M	May	12	14:44
SRR5800026_1.fastq.gz	38M	May	12	14:44
SRR5800026_2.fastq.gz	33M	May	12	14:44
SRR5800027_1.fastq.gz	105M	May	12	14:44
SRR5800027_2.fastq.gz	124M	May	12	14:44
SRR5800028_1.fastq.gz	31M	May	12	14:45
SRR5800028_2.fastq.gz	27M	May	12	14:45
SRR5800029_1.fastq.gz	94M	May	12	14:45
SRR5800029_2.fastq.gz	80M	May	12	14:45
SRR5800030_1.fastq.gz	108M	May	12	14:45
SRR5800030_2.fastq.gz	128M	May	12	14:45
SRR5800031_1.fastq.gz	140M	May	12	14:46
SRR5800031_2.fastq.gz	123M	May	12	14:46
SRR5800032_1.fastq.gz	86M	May	12	14:46
SRR5800032_2.fastq.gz	99M	May	12	14:46
SRR5800033_1.fastq.gz	157M	May	12	14:47
SRR5800033_2.fastq.gz	140M	May	12	14:47
SRR5800034_1.fastq.gz	101M	May	12	14:47
SRR5800034_2.fastq.gz	116M	May	12	14:47
SRR5800035_1.fastq.gz	54M	May	12	14:47
SRR5800035_2.fastq.gz	65M	May	12	14:47
SRR5800036_1.fastq.gz	76M	May	12	14:49
SRR5800036_2.fastq.gz	88M	May	12	14:49
SRR5800037_1.fastq.gz	16M	May	12	14:49
SRR5800037_2.fastq.gz	18M	May	12	14:49
SRR5800038_1.fastq.gz	11M	May	12	14:49
SRR5800038_2.fastq.gz	10M	May	12	14:49
SRR5800039_1.fastq.gz	58M	May	12	14:50
SRR5800039_2.fastq.gz	51M	May	12	14:50
SRR5800040_1.fastq.gz	165M	May	12	14:55
SRR5800040_2.fastq.gz	189M	May	12	14:55
SRR5800041_1.fastq.gz	155M	May	12	14:56
SRR5800041_2.fastq.gz	182M	May	12	14:56
SRR5800042_1.fastq.gz	101M	May	12	14:57
SRR5800042_2.fastq.gz	115M	May	12	14:57
SRR5800043_1.fastq.gz	97M	May	12	14:58
SRR5800043_2.fastq.gz	85M	May	12	14:58
SRR5800044_1.fastq.gz	98M	May	12	14:59
SRR5800044_2.fastq.gz	109M	May	12	14:59
SRR5800045_1.fastq.gz	13M	May	12	15:00
SRR5800045_2.fastq.gz	11M	May	12	15:00
SRR5800046_1.fastq.gz	94M	May	12	15:00
SRR5800046_2.fastq.gz	109M	May	12	15:00
SRR5800047_1.fastq.gz	106M	May	12	15:01
SRR5800047_2.fastq.gz	93M	May	12	15:01
SRR5800048_1.fastq.gz	107M	May	12	15:02
SRR5800048_2.fastq.gz	92M	May	12	15:02
SRR5800049_1.fastq.gz	136M	May	12	15:02
SRR5800049_2.fastq.gz	121M	May	12	15:02
SRR5800050_1.fastq.gz	132M	May	12	15:03
SRR5800050_2.fastq.gz	117M	May	12	15:03
SRR5800051_1.fastq.gz	90M	May	12	15:03
SRR5800051_2.fastq.gz	80M	May	12	15:03
SRR5800052_1.fastq.gz	185M	May	12	15:04
SRR5800052_2.fastq.gz	163M	May	12	15:04
SRR5800053_1.fastq.gz	96M	May	12	15:04
SRR5800053_2.fastq.gz	110M	May	12	15:04
SRR5800054_1.fastq.gz	35M	May	12	15:05
SRR5800054_2.fastq.gz	39M	May	12	15:05
SRR5800055_1.fastq.gz	94M	May	12	15:05
SRR5800055_2.fastq.gz	109M	May	12	15:05
SRR5800056_1.fastq.gz	64M	May	12	15:06
SRR5800056_2.fastq.gz	76M	May	12	15:06
SRR5800057_1.fastq.gz	125M	May	12	15:07
SRR5800057_2.fastq.gz	111M	May	12	15:07
SRR5800058_1.fastq.gz	107M	May	12	15:07
SRR5800058_2.fastq.gz	122M	May	12	15:07
SRR5800059_1.fastq.gz	125M	May	12	15:08
SRR5800059_2.fastq.gz	142M	May	12	15:08
SRR5800060_1.fastq.gz	111M	May	12	17:17
SRR5800060_2.fastq.gz	97M	May	12	17:17
SRR5800061_1.fastq.gz	186M	May	12	17:18
SRR5800061_2.fastq.gz	160M	May	12	17:18
SRR5800062_1.fastq.gz	126M	May	12	17:18
SRR5800062_2.fastq.gz	144M	May	12	17:18
SRR5800063_1.fastq.gz	122M	May	12	17:19
SRR5800063_2.fastq.gz	136M	May	12	17:19
SRR5800064_1.fastq.gz	121M	May	12	17:19
SRR5800064_2.fastq.gz	107M	May	12	17:19
SRR5800065_1.fastq.gz	111M	May	12	17:19
SRR5800065_2.fastq.gz	94M	May	12	17:19
SRR5800066_1.fastq.gz	110M	May	12	17:20
SRR5800066_2.fastq.gz	97M	May	12	17:20
SRR5800067_1.fastq.gz	31M	May	12	17:20
SRR5800067_2.fastq.gz	27M	May	12	17:20
SRR5800068_1.fastq.gz	53M	May	12	17:20
SRR5800068_2.fastq.gz	61M	May	12	17:20
SRR5800069_1.fastq.gz	53M	May	12	17:21
SRR5800069_2.fastq.gz	60M	May	12	17:21
SRR5800070_1.fastq.gz	36M	May	12	17:21
SRR5800070_2.fastq.gz	33M	May	12	17:21
SRR5800071_1.fastq.gz	163M	May	12	17:21
SRR5800071_2.fastq.gz	140M	May	12	17:21
SRR5800072_1.fastq.gz	74M	May	12	17:22
SRR5800072_2.fastq.gz	86M	May	12	17:22
SRR5800073_1.fastq.gz	120M	May	12	17:22
SRR5800073_2.fastq.gz	104M	May	12	17:22
SRR5800074_1.fastq.gz	74M	May	12	17:22
SRR5800074_2.fastq.gz	85M	May	12	17:22
SRR5800075_1.fastq.gz	120M	May	12	17:23
SRR5800075_2.fastq.gz	135M	May	12	17:23
SRR5800076_1.fastq.gz	108M	May	12	17:23
SRR5800076_2.fastq.gz	125M	May	12	17:23
SRR5800077_1.fastq.gz	144M	May	12	17:24
SRR5800077_2.fastq.gz	163M	May	12	17:24
SRR5800078_1.fastq.gz	123M	May	12	17:24
SRR5800078_2.fastq.gz	139M	May	12	17:24
SRR5800079_1.fastq.gz	118M	May	12	17:25
SRR5800079_2.fastq.gz	133M	May	12	17:25
SRR5800080_1.fastq.gz	100M	May	12	17:25
SRR5800080_2.fastq.gz	119M	May	12	17:25
SRR5800081_1.fastq.gz	111M	May	12	17:26
SRR5800081_2.fastq.gz	96M	May	12	17:26
SRR5800082_1.fastq.gz	69M	May	12	17:26
SRR5800082_2.fastq.gz	60M	May	12	17:26
SRR5800083_1.fastq.gz	94M	May	12	17:26
SRR5800083_2.fastq.gz	106M	May	12	17:26
SRR5800084_1.fastq.gz	194M	May	12	17:27
SRR5800084_2.fastq.gz	174M	May	12	17:27
SRR5800085_1.fastq.gz	194M	May	12	17:27
SRR5800085_2.fastq.gz	165M	May	12	17:27
SRR5800086_1.fastq.gz	108M	May	12	17:28
SRR5800086_2.fastq.gz	125M	May	12	17:28
SRR5800087_1.fastq.gz	107M	May	12	17:28
SRR5800087_2.fastq.gz	91M	May	12	17:28
SRR5800088_1.fastq.gz	93M	May	12	17:29
SRR5800088_2.fastq.gz	105M	May	12	17:29
SRR5800089_1.fastq.gz	231M	May	12	17:29
SRR5800089_2.fastq.gz	200M	May	12	17:29
SRR5800090_1.fastq.gz	166M	May	12	17:30
SRR5800090_2.fastq.gz	192M	May	12	17:30
SRR5800091_1.fastq.gz	88M	May	12	17:30
SRR5800091_2.fastq.gz	100M	May	12	17:30
SRR5800092_1.fastq.gz	109M	May	12	17:31
SRR5800092_2.fastq.gz	94M	May	12	17:31
SRR5800093_1.fastq.gz	101M	May	12	17:31
SRR5800093_2.fastq.gz	112M	May	12	17:31
SRR5800094_1.fastq.gz	120M	May	12	17:32
SRR5800094_2.fastq.gz	103M	May	12	17:32
SRR5800095_1.fastq.gz	35M	May	12	17:32
SRR5800095_2.fastq.gz	30M	May	12	17:32
SRR5800096_1.fastq.gz	81M	May	12	17:32
SRR5800096_2.fastq.gz	68M	May	12	17:32
SRR5800097_1.fastq.gz	5M	May	12	17:32
SRR5800097_2.fastq.gz	5M	May	12	17:32
SRR5800098_1.fastq.gz	537M	May	12	17:33
SRR5800098_2.fastq.gz	590M	May	12	17:33
SRR5800099_1.fastq.gz	3M	May	12	17:34
SRR5800099_2.fastq.gz	3M	May	12	17:34
SRR5800100_1.fastq.gz	556M	May	12	17:35
SRR5800100_2.fastq.gz	510M	May	12	17:35
SRR5800101_1.fastq.gz	319M	May	12	17:36
SRR5800101_2.fastq.gz	343M	May	12	17:36
SRR5800102_1.fastq.gz	425M	May	12	17:37
SRR5800102_2.fastq.gz	468M	May	12	17:37
SRR5800103_1.fastq.gz	1154M	May	12	17:40
SRR5800103_2.fastq.gz	1015M	May	12	17:40
SRR5800104_1.fastq.gz	396M	May	12	17:42
SRR5800104_2.fastq.gz	423M	May	12	17:42
SRR5800105_1.fastq.gz	224M	May	12	17:42
SRR5800105_2.fastq.gz	238M	May	12	17:42
SRR5800106_1.fastq.gz	337M	May	12	17:43
SRR5800106_2.fastq.gz	311M	May	12	17:43
SRR5800107_1.fastq.gz	453M	May	12	17:45
SRR5800107_2.fastq.gz	422M	May	12	17:45
SRR5800108_1.fastq.gz	257M	May	12	17:45
SRR5800108_2.fastq.gz	235M	May	12	17:45
SRR5800109_1.fastq.gz	24M	May	12	17:45
SRR5800109_2.fastq.gz	22M	May	12	17:45
SRR5800110_1.fastq.gz	347M	May	12	17:46
SRR5800110_2.fastq.gz	321M	May	12	17:46
SRR5800111_1.fastq.gz	331M	May	12	17:47
SRR5800111_2.fastq.gz	366M	May	12	17:47
SRR5800112_1.fastq.gz	521M	May	12	17:49
SRR5800112_2.fastq.gz	567M	May	12	17:49
SRR5800113_1.fastq.gz	358M	May	12	17:50
SRR5800113_2.fastq.gz	326M	May	12	17:50
SRR5800114_1.fastq.gz	40M	May	12	17:50
SRR5800114_2.fastq.gz	43M	May	12	17:50
SRR5800115_1.fastq.gz	270M	May	12	17:51
SRR5800115_2.fastq.gz	248M	May	12	17:50
SRR5800116_1.fastq.gz	179M	May	12	17:51
SRR5800116_2.fastq.gz	194M	May	12	17:51
SRR5800117_1.fastq.gz	635M	May	12	17:53
SRR5800117_2.fastq.gz	708M	May	12	17:53
SRR5800118_1.fastq.gz	7M	May	12	17:53
SRR5800118_2.fastq.gz	7M	May	12	17:53
SRR5800119_1.fastq.gz	782M	May	12	17:55
SRR5800119_2.fastq.gz	867M	May	12	17:55
SRR5800120_1.fastq.gz	379M	May	12	17:56
SRR5800120_2.fastq.gz	416M	May	12	17:56
SRR5800121_1.fastq.gz	357M	May	12	17:57
SRR5800121_2.fastq.gz	328M	May	12	17:57
SRR5800122_1.fastq.gz	452M	May	12	17:59
SRR5800122_2.fastq.gz	498M	May	12	17:59
SRR5800123_1.fastq.gz	356M	May	12	18:00
SRR5800123_2.fastq.gz	381M	May	12	18:00
SRR5800124_1.fastq.gz	356M	May	12	18:01
SRR5800124_2.fastq.gz	328M	May	12	18:01
SRR5800125_1.fastq.gz	456M	May	12	18:02
SRR5800125_2.fastq.gz	495M	May	12	18:02
SRR5800126_1.fastq.gz	530M	May	12	18:03
SRR5800126_2.fastq.gz	581M	May	12	18:03
SRR5800127_1.fastq.gz	589M	May	12	18:05
SRR5800127_2.fastq.gz	545M	May	12	18:05
SRR5800128_1.fastq.gz	309M	May	12	18:05
SRR5800128_2.fastq.gz	330M	May	12	18:05
SRR5800129_1.fastq.gz	435M	May	12	18:07
SRR5800129_2.fastq.gz	397M	May	12	18:07
SRR5800130_1.fastq.gz	1307M	May	12	18:10
SRR5800130_2.fastq.gz	1181M	May	12	18:10
SRR5800131_1.fastq.gz	277M	May	12	18:11
SRR5800131_2.fastq.gz	307M	May	12	18:11
SRR5800132_1.fastq.gz	194M	May	12	18:11
SRR5800132_2.fastq.gz	207M	May	12	18:11
SRR5800133_1.fastq.gz	5M	May	12	18:11
SRR5800133_2.fastq.gz	6M	May	12	18:11
SRR5800134_1.fastq.gz	434M	May	12	18:12
SRR5800134_2.fastq.gz	402M	May	12	18:12
SRR5800135_1.fastq.gz	449M	May	12	18:14
SRR5800135_2.fastq.gz	413M	May	12	18:14
SRR5800136_1.fastq.gz	241M	May	12	18:14
SRR5800136_2.fastq.gz	259M	May	12	18:14
SRR5800137_1.fastq.gz	381M	May	12	18:15
SRR5800137_2.fastq.gz	353M	May	12	18:15
SRR5800138_1.fastq.gz	214M	May	12	18:16
SRR5800138_2.fastq.gz	233M	May	12	18:16
SRR5800139_1.fastq.gz	14M	May	12	18:16
SRR5800139_2.fastq.gz	15M	May	12	18:16
SRR5800140_1.fastq.gz	712M	May	12	18:18
SRR5800140_2.fastq.gz	647M	May	12	18:18
SRR5800141_1.fastq.gz	420M	May	12	18:20
SRR5800141_2.fastq.gz	375M	May	12	18:20
SRR5800142_1.fastq.gz	37M	May	12	18:20
SRR5800142_2.fastq.gz	34M	May	12	18:20
SRR5800143_1.fastq.gz	340M	May	12	18:21
SRR5800143_2.fastq.gz	370M	May	12	18:21
SRR5800144_1.fastq.gz	464M	May	12	18:22
SRR5800144_2.fastq.gz	513M	May	12	18:22
SRR5800145_1.fastq.gz	588M	May	12	18:23
SRR5800145_2.fastq.gz	539M	May	12	18:23
SRR5800146_1.fastq.gz	445M	May	12	18:25
SRR5800146_2.fastq.gz	402M	May	12	18:25
SRR5800147_1.fastq.gz	439M	May	12	18:26
SRR5800147_2.fastq.gz	481M	May	12	18:26
SRR5800148_1.fastq.gz	430M	May	12	18:27
SRR5800148_2.fastq.gz	398M	May	12	18:27
SRR5800149_1.fastq.gz	435M	May	12	18:28
SRR5800149_2.fastq.gz	475M	May	12	18:28
SRR5800150_1.fastq.gz	354M	May	12	18:29
SRR5800150_2.fastq.gz	382M	May	12	18:29
SRR5800151_1.fastq.gz	553M	May	12	18:31
SRR5800151_2.fastq.gz	500M	May	12	18:31
SRR5800152_1.fastq.gz	374M	May	12	18:32
SRR5800152_2.fastq.gz	348M	May	12	18:32
SRR5800153_1.fastq.gz	299M	May	12	18:33
SRR5800153_2.fastq.gz	280M	May	12	18:33
SRR5800154_1.fastq.gz	229M	May	12	18:33
SRR5800154_2.fastq.gz	206M	May	12	18:33
SRR5800155_1.fastq.gz	626M	May	12	18:35
SRR5800155_2.fastq.gz	683M	May	12	18:35
SRR5800156_1.fastq.gz	445M	May	12	18:36
SRR5800156_2.fastq.gz	504M	May	12	18:36
SRR5800157_1.fastq.gz	265M	May	12	18:37
SRR5800157_2.fastq.gz	245M	May	12	18:37
SRR5800158_1.fastq.gz	5M	May	12	18:37
SRR5800158_2.fastq.gz	5M	May	12	18:37
SRR5800159_1.fastq.gz	211M	May	12	18:38
SRR5800159_2.fastq.gz	229M	May	12	18:38
SRR5800160_1.fastq.gz	215M	May	12	18:38
SRR5800160_2.fastq.gz	234M	May	12	18:38
SRR5800161_1.fastq.gz	139M	May	12	18:39
SRR5800161_2.fastq.gz	126M	May	12	18:39
SRR5800162_1.fastq.gz	1462M	May	12	18:43
SRR5800162_2.fastq.gz	1317M	May	12	18:43
SRR5800163_1.fastq.gz	410M	May	12	18:44
SRR5800163_2.fastq.gz	440M	May	12	18:44
SRR5800164_1.fastq.gz	596M	May	12	18:46
SRR5800164_2.fastq.gz	651M	May	12	18:46
SRR5800165_1.fastq.gz	519M	May	12	18:47
SRR5800165_2.fastq.gz	559M	May	12	18:47
SRR5800166_1.fastq.gz	550M	May	12	18:49
SRR5800166_2.fastq.gz	619M	May	12	18:49
SRR5800167_1.fastq.gz	214M	May	12	18:50
SRR5800167_2.fastq.gz	234M	May	12	18:50
SRR5800168_1.fastq.gz	661M	May	12	18:52
SRR5800168_2.fastq.gz	751M	May	12	18:52
SRR5800169_1.fastq.gz	98M	May	12	18:52
SRR5800169_2.fastq.gz	89M	May	12	18:52
SRR5800170_1.fastq.gz	531M	May	12	18:53
SRR5800170_2.fastq.gz	488M	May	12	18:53
SRR5800171_1.fastq.gz	554M	May	12	18:55
SRR5800171_2.fastq.gz	596M	May	12	18:55
SRR5800172_1.fastq.gz	378M	May	12	18:56
SRR5800172_2.fastq.gz	411M	May	12	18:56
SRR5800173_1.fastq.gz	338M	May	12	18:57
SRR5800173_2.fastq.gz	360M	May	12	18:57
SRR5800174_1.fastq.gz	329M	May	12	18:58
SRR5800174_2.fastq.gz	304M	May	12	18:58
SRR5800175_1.fastq.gz	495M	May	12	19:00
SRR5800175_2.fastq.gz	536M	May	12	19:00
SRR5800176_1.fastq.gz	12M	May	12	19:00
SRR5800176_2.fastq.gz	12M	May	12	19:00
SRR5800177_1.fastq.gz	344M	May	12	19:01
SRR5800177_2.fastq.gz	315M	May	12	19:01
SRR5800178_1.fastq.gz	296M	May	12	19:02
SRR5800178_2.fastq.gz	322M	May	12	19:02
SRR5800179_1.fastq.gz	329M	May	13	19:22
SRR5800179_2.fastq.gz	305M	May	13	19:22
SRR5800180_1.fastq.gz	157M	May	13	19:23
SRR5800180_2.fastq.gz	168M	May	13	19:23
SRR5800181_1.fastq.gz	394M	May	13	19:24
SRR5800181_2.fastq.gz	356M	May	13	19:24
SRR5800182_1.fastq.gz	466M	May	12	19:09
SRR5800182_2.fastq.gz	504M	May	12	19:09
SRR5800183_1.fastq.gz	464M	May	12	19:10
SRR5800183_2.fastq.gz	424M	May	12	19:10
SRR5800184_1.fastq.gz	339M	May	13	19:25
SRR5800184_2.fastq.gz	367M	May	13	19:25
SRR5800185_1.fastq.gz	246M	May	12	19:12
SRR5800185_2.fastq.gz	226M	May	12	19:12
SRR5800186_1.fastq.gz	300M	May	12	19:17
SRR5800186_2.fastq.gz	325M	May	12	19:17
SRR5800187_1.fastq.gz	27M	May	12	19:17
SRR5800187_2.fastq.gz	30M	May	12	19:17
SRR5800188_1.fastq.gz	437M	May	12	19:19
SRR5800188_2.fastq.gz	494M	May	12	19:19
SRR5800189_1.fastq.gz	464M	May	12	19:20
SRR5800189_2.fastq.gz	500M	May	12	19:20
SRR5800190_1.fastq.gz	1360M	May	12	19:24
SRR5800190_2.fastq.gz	1515M	May	12	19:24
SRR5800191_1.fastq.gz	832M	May	12	19:27
SRR5800191_2.fastq.gz	758M	May	12	19:27
SRR5800192_1.fastq.gz	316M	May	12	19:27
SRR5800192_2.fastq.gz	285M	May	12	19:27
SRR5800193_1.fastq.gz	410M	May	12	19:29
SRR5800193_2.fastq.gz	384M	May	12	19:29
SRR5800194_1.fastq.gz	148M	May	12	19:29
SRR5800194_2.fastq.gz	164M	May	12	19:29
SRR5800195_1.fastq.gz	261M	May	12	19:30
SRR5800195_2.fastq.gz	280M	May	12	19:30
SRR5800196_1.fastq.gz	374M	May	12	19:31
SRR5800196_2.fastq.gz	336M	May	12	19:31
SRR5800197_1.fastq.gz	317M	May	12	19:32
SRR5800197_2.fastq.gz	345M	May	12	19:32
SRR5800198_1.fastq.gz	752M	May	12	19:34
SRR5800198_2.fastq.gz	690M	May	12	19:34
SRR5800199_1.fastq.gz	423M	May	12	19:35
SRR5800199_2.fastq.gz	392M	May	12	19:35
SRR5800200_1.fastq.gz	454M	May	12	19:36
SRR5800200_2.fastq.gz	491M	May	12	19:36
SRR5800201_1.fastq.gz	338M	May	12	19:38
SRR5800201_2.fastq.gz	371M	May	12	19:38
SRR5800202_1.fastq.gz	406M	May	12	19:39
SRR5800202_2.fastq.gz	369M	May	12	19:39
SRR5800203_1.fastq.gz	207M	May	12	19:39
SRR5800203_2.fastq.gz	194M	May	12	19:39
SRR5800204_1.fastq.gz	561M	May	12	19:41
SRR5800204_2.fastq.gz	625M	May	12	19:41
SRR5800205_1.fastq.gz	379M	May	12	19:42
SRR5800205_2.fastq.gz	348M	May	12	19:42
SRR5800206_1.fastq.gz	241M	May	12	19:42
SRR5800206_2.fastq.gz	223M	May	12	19:42
SRR5800207_1.fastq.gz	410M	May	12	19:44
SRR5800207_2.fastq.gz	459M	May	12	19:44
SRR5800208_1.fastq.gz	1339M	May	12	19:47
SRR5800208_2.fastq.gz	1214M	May	12	19:47
SRR5800209_1.fastq.gz	437M	May	12	19:49
SRR5800209_2.fastq.gz	482M	May	12	19:49
SRR5800210_1.fastq.gz	833M	May	13	02:35
SRR5800210_2.fastq.gz	755M	May	13	02:35
SRR5800211_1.fastq.gz	388M	May	13	03:18
SRR5800211_2.fastq.gz	425M	May	13	03:18
SRR5800212_1.fastq.gz	208M	May	13	03:28
SRR5800212_2.fastq.gz	229M	May	13	03:28
SRR5800213_1.fastq.gz	314M	May	13	03:29
SRR5800213_2.fastq.gz	341M	May	13	03:29
SRR5800214_1.fastq.gz	401M	May	13	03:32
SRR5800214_2.fastq.gz	364M	May	13	03:32
SRR5800215_1.fastq.gz	24M	May	13	03:33
SRR5800215_2.fastq.gz	23M	May	13	03:33
SRR5800216_1.fastq.gz	641M	May	13	03:43
SRR5800216_2.fastq.gz	582M	May	13	03:43
SRR5800217_1.fastq.gz	784M	May	13	03:56
SRR5800217_2.fastq.gz	719M	May	13	03:56
SRR5800218_1.fastq.gz	285M	May	13	04:01
SRR5800218_2.fastq.gz	310M	May	13	04:01
SRR5800219_1.fastq.gz	664M	May	13	04:13
SRR5800219_2.fastq.gz	735M	May	13	04:13
SRR5800220_1.fastq.gz	996M	May	13	04:39
SRR5800220_2.fastq.gz	898M	May	13	04:39
SRR5800221_1.fastq.gz	317M	May	13	04:46
SRR5800221_2.fastq.gz	343M	May	13	04:46
SRR5800222_1.fastq.gz	428M	May	13	04:54
SRR5800222_2.fastq.gz	456M	May	13	04:54
SRR5800223_1.fastq.gz	629M	May	13	05:11
SRR5800223_2.fastq.gz	711M	May	13	05:11
SRR5800224_1.fastq.gz	403M	May	13	05:28
SRR5800224_2.fastq.gz	373M	May	13	05:28
SRR5800225_1.fastq.gz	164M	May	13	05:30
SRR5800225_2.fastq.gz	176M	May	13	05:30
SRR5800226_1.fastq.gz	532M	May	13	05:35
SRR5800226_2.fastq.gz	492M	May	13	05:35
SRR5800227_1.fastq.gz	464M	May	13	05:39
SRR5800227_2.fastq.gz	425M	May	13	05:39
SRR5800228_1.fastq.gz	383M	May	13	05:45
SRR5800228_2.fastq.gz	356M	May	13	05:45
SRR5800229_1.fastq.gz	230M	May	13	05:49
SRR5800229_2.fastq.gz	208M	May	13	05:49
SRR5800230_1.fastq.gz	410M	May	13	05:56
SRR5800230_2.fastq.gz	451M	May	13	05:56
SRR5800231_1.fastq.gz	54M	May	13	05:57
SRR5800231_2.fastq.gz	58M	May	13	05:57
SRR5800232_1.fastq.gz	413M	May	13	06:03
SRR5800232_2.fastq.gz	448M	May	13	06:03
SRR5800233_1.fastq.gz	1048M	May	13	06:16
SRR5800233_2.fastq.gz	1169M	May	13	06:16
SRR5800234_1.fastq.gz	392M	May	13	06:19
SRR5800234_2.fastq.gz	365M	May	13	06:19
SRR5800235_1.fastq.gz	393M	May	13	06:26
SRR5800235_2.fastq.gz	425M	May	13	06:26
SRR5800236_1.fastq.gz	362M	May	13	06:30
SRR5800236_2.fastq.gz	394M	May	13	06:30
SRR5800237_1.fastq.gz	119M	May	13	06:31
SRR5800237_2.fastq.gz	109M	May	13	06:31
SRR5800238_1.fastq.gz	356M	May	13	06:34
SRR5800238_2.fastq.gz	322M	May	13	06:34
SRR5800239_1.fastq.gz	389M	May	13	06:38
SRR5800239_2.fastq.gz	362M	May	13	06:38
SRR5800240_1.fastq.gz	463M	May	13	06:43
SRR5800240_2.fastq.gz	427M	May	13	06:43
SRR5800241_1.fastq.gz	342M	May	13	06:47
SRR5800241_2.fastq.gz	377M	May	13	06:47
SRR5800242_1.fastq.gz	315M	May	13	06:50
SRR5800242_2.fastq.gz	295M	May	13	06:50
SRR5800243_1.fastq.gz	758M	May	13	06:56
SRR5800243_2.fastq.gz	830M	May	13	06:56
SRR5800244_1.fastq.gz	295M	May	13	06:59
SRR5800244_2.fastq.gz	321M	May	13	06:59
SRR5800245_1.fastq.gz	444M	May	13	07:02
SRR5800245_2.fastq.gz	405M	May	13	07:02
SRR5800246_1.fastq.gz	606M	May	13	07:04
SRR5800246_2.fastq.gz	660M	May	13	07:04
SRR5800247_1.fastq.gz	1059M	May	13	07:09
SRR5800247_2.fastq.gz	1173M	May	13	07:09
SRR5800248_1.fastq.gz	76M	May	13	07:09
SRR5800248_2.fastq.gz	69M	May	13	07:09
SRR5800249_1.fastq.gz	301M	May	13	07:11
SRR5800249_2.fastq.gz	324M	May	13	07:11
SRR5800250_1.fastq.gz	239M	May	13	07:11
SRR5800250_2.fastq.gz	221M	May	13	07:11
SRR5800251_1.fastq.gz	405M	May	13	07:13
SRR5800251_2.fastq.gz	438M	May	13	07:13
SRR5800252_1.fastq.gz	426M	May	13	07:14
SRR5800252_2.fastq.gz	472M	May	13	07:14
SRR5800253_1.fastq.gz	262M	May	13	07:15
SRR5800253_2.fastq.gz	288M	May	13	07:15
SRR5800254_1.fastq.gz	274M	May	13	07:16
SRR5800254_2.fastq.gz	248M	May	13	07:16
SRR5800255_1.fastq.gz	569M	May	13	07:18
SRR5800255_2.fastq.gz	624M	May	13	07:18
SRR5800256_1.fastq.gz	248M	May	13	07:19
SRR5800256_2.fastq.gz	230M	May	13	07:19
SRR5800257_1.fastq.gz	515M	May	13	07:21
SRR5800257_2.fastq.gz	558M	May	13	07:21
SRR5800258_1.fastq.gz	481M	May	13	07:22
SRR5800258_2.fastq.gz	530M	May	13	07:22
SRR5800259_1.fastq.gz	476M	May	13	07:24
SRR5800259_2.fastq.gz	444M	May	13	07:24
SRR5800260_1.fastq.gz	411M	May	13	07:25
SRR5800260_2.fastq.gz	448M	May	13	07:25
SRR5800261_1.fastq.gz	348M	May	13	07:26
SRR5800261_2.fastq.gz	321M	May	13	07:26
SRR5800262_1.fastq.gz	340M	May	13	07:27
SRR5800262_2.fastq.gz	365M	May	13	07:27
SRR5800263_1.fastq.gz	286M	May	13	07:27
SRR5800263_2.fastq.gz	305M	May	13	07:27
SRR5800264_1.fastq.gz	494M	May	13	07:29
SRR5800264_2.fastq.gz	463M	May	13	07:29
SRR5800265_1.fastq.gz	104M	May	13	07:29
SRR5800265_2.fastq.gz	110M	May	13	07:29
SRR5800266_1.fastq.gz	380M	May	13	07:30
SRR5800266_2.fastq.gz	416M	May	13	07:30
SRR5800267_1.fastq.gz	419M	May	13	07:31
SRR5800267_2.fastq.gz	393M	May	13	07:31
SRR5800268_1.fastq.gz	399M	May	13	07:33
SRR5800268_2.fastq.gz	428M	May	13	07:33
SRR5800269_1.fastq.gz	312M	May	13	07:34
SRR5800269_2.fastq.gz	338M	May	13	07:34
SRR5800270_1.fastq.gz	429M	May	13	07:35
SRR5800270_2.fastq.gz	467M	May	13	07:35
SRR5800271_1.fastq.gz	241M	May	13	07:36
SRR5800271_2.fastq.gz	217M	May	13	07:36
SRR5800272_1.fastq.gz	367M	May	13	07:37
SRR5800272_2.fastq.gz	335M	May	13	07:37
SRR5800273_1.fastq.gz	410M	May	13	07:39
SRR5800273_2.fastq.gz	375M	May	13	07:39
SRR5800274_1.fastq.gz	417M	May	13	07:40
SRR5800274_2.fastq.gz	387M	May	13	07:40
SRR5800275_1.fastq.gz	370M	May	13	07:41
SRR5800275_2.fastq.gz	395M	May	13	07:41
SRR5800276_1.fastq.gz	776M	May	13	07:43
SRR5800276_2.fastq.gz	701M	May	13	07:43
SRR5800277_1.fastq.gz	733M	May	13	07:47
SRR5800277_2.fastq.gz	652M	May	13	07:47
SRR5800278_1.fastq.gz	688M	May	13	07:51
SRR5800278_2.fastq.gz	621M	May	13	07:51
SRR5800279_1.fastq.gz	630M	May	13	07:56
SRR5800279_2.fastq.gz	555M	May	13	07:56
SRR5800280_1.fastq.gz	177M	May	13	07:59
SRR5800280_2.fastq.gz	195M	May	13	07:59
SRR5800281_1.fastq.gz	577M	May	13	08:08
SRR5800281_2.fastq.gz	536M	May	13	08:08
SRR5800282_1.fastq.gz	426M	May	13	08:14
SRR5800282_2.fastq.gz	390M	May	13	08:14
SRR5800283_1.fastq.gz	344M	May	13	08:19
SRR5800283_2.fastq.gz	315M	May	13	08:19
SRR5800284_1.fastq.gz	362M	May	13	08:24
SRR5800284_2.fastq.gz	337M	May	13	08:24
SRR5800285_1.fastq.gz	537M	May	13	08:35
SRR5800285_2.fastq.gz	488M	May	13	08:35
SRR5800286_1.fastq.gz	336M	May	13	08:40
SRR5800286_2.fastq.gz	312M	May	13	08:40
SRR5800287_1.fastq.gz	541M	May	13	08:47
SRR5800287_2.fastq.gz	585M	May	13	08:47
SRR5800288_1.fastq.gz	211M	May	13	08:50
SRR5800288_2.fastq.gz	231M	May	13	08:50
SRR5800289_1.fastq.gz	327M	May	13	08:55
SRR5800289_2.fastq.gz	355M	May	13	08:55
SRR5800290_1.fastq.gz	245M	May	13	08:58
SRR5800290_2.fastq.gz	224M	May	13	08:58
SRR5800291_1.fastq.gz	476M	May	13	09:02
SRR5800291_2.fastq.gz	427M	May	13	09:02
SRR5800292_1.fastq.gz	783M	May	13	09:09
SRR5800292_2.fastq.gz	882M	May	13	09:09
SRR5800293_1.fastq.gz	461M	May	13	09:12
SRR5800293_2.fastq.gz	432M	May	13	09:12
SRR5800294_1.fastq.gz	418M	May	13	09:14
SRR5800294_2.fastq.gz	440M	May	13	09:14
SRR5800295_1.fastq.gz	498M	May	13	09:17
SRR5800295_2.fastq.gz	458M	May	13	09:17
SRR5800296_1.fastq.gz	623M	May	13	09:21
SRR5800296_2.fastq.gz	580M	May	13	09:21
SRR5800297_1.fastq.gz	730M	May	13	09:24
SRR5800297_2.fastq.gz	657M	May	13	09:24
SRR5800298_1.fastq.gz	85M	May	13	09:24
SRR5800298_2.fastq.gz	77M	May	13	09:24
SRR5800299_1.fastq.gz	490M	May	13	09:26
SRR5800299_2.fastq.gz	450M	May	13	09:26
SRR5800300_1.fastq.gz	503M	May	13	09:29
SRR5800300_2.fastq.gz	542M	May	13	09:29
SRR5800301_1.fastq.gz	2M	May	13	09:29
SRR5800301_2.fastq.gz	2M	May	13	09:29
SRR5800302_1.fastq.gz	414M	May	13	09:31
SRR5800302_2.fastq.gz	445M	May	13	09:31
SRR5800303_1.fastq.gz	547M	May	13	09:33
SRR5800303_2.fastq.gz	604M	May	13	09:33
SRR5800304_1.fastq.gz	389M	May	13	09:35
SRR5800304_2.fastq.gz	351M	May	13	09:35
SRR5800305_1.fastq.gz	298M	May	13	09:36
SRR5800305_2.fastq.gz	332M	May	13	09:36
SRR5800306_1.fastq.gz	57M	May	13	09:36
SRR5800306_2.fastq.gz	62M	May	13	09:36
SRR5800307_1.fastq.gz	237M	May	13	09:36
SRR5800307_2.fastq.gz	257M	May	13	09:36
SRR5800308_1.fastq.gz	448M	May	13	09:37
SRR5800308_2.fastq.gz	420M	May	13	09:37
SRR5800309_1.fastq.gz	452M	May	13	09:39
SRR5800309_2.fastq.gz	504M	May	13	09:39
SRR5800311_1.fastq.gz	339M	May	13	09:39
SRR5800311_2.fastq.gz	326M	May	13	09:39
SRR5800312_1.fastq.gz	178M	May	13	09:40
SRR5800312_2.fastq.gz	172M	May	13	09:40
SRR5800313_1.fastq.gz	675M	May	13	09:42
SRR5800313_2.fastq.gz	727M	May	13	09:42
SRR5800314_1.fastq.gz	208M	May	13	09:42
SRR5800314_2.fastq.gz	194M	May	13	09:42
SRR5800315_1.fastq.gz	255M	May	13	09:43
SRR5800315_2.fastq.gz	248M	May	13	09:43
SRR5800316_1.fastq.gz	208M	May	13	09:44
SRR5800316_2.fastq.gz	196M	May	13	09:44
SRR5800317_1.fastq.gz	93M	May	13	09:45
SRR5800317_2.fastq.gz	89M	May	13	09:45
SRR5800318_1.fastq.gz	396M	May	13	09:46
SRR5800318_2.fastq.gz	406M	May	13	09:46
SRR5800319_1.fastq.gz	79M	May	13	09:46
SRR5800319_2.fastq.gz	84M	May	13	09:46
SRR5800320_1.fastq.gz	268M	May	13	09:47
SRR5800320_2.fastq.gz	274M	May	13	09:47
SRR5800321_1.fastq.gz	274M	May	13	09:48
SRR5800321_2.fastq.gz	262M	May	13	09:48
SRR5800322_1.fastq.gz	529M	May	13	09:49
SRR5800322_2.fastq.gz	518M	May	13	09:49
SRR5800323_1.fastq.gz	424M	May	13	09:50
SRR5800323_2.fastq.gz	408M	May	13	09:50
SRR5800324_1.fastq.gz	581M	May	13	09:52
SRR5800324_2.fastq.gz	557M	May	13	09:52
SRR5800325_1.fastq.gz	155M	May	13	09:52
SRR5800325_2.fastq.gz	168M	May	13	09:52
SRR5800326_1.fastq.gz	473M	May	13	09:54
SRR5800326_2.fastq.gz	469M	May	13	09:54
SRR5800327_1.fastq.gz	200M	May	13	09:54
SRR5800327_2.fastq.gz	208M	May	13	09:54
SRR5800328_1.fastq.gz	174M	May	13	09:55
SRR5800328_2.fastq.gz	181M	May	13	09:55
SRR5800329_1.fastq.gz	87M	May	13	09:55
SRR5800329_2.fastq.gz	85M	May	13	09:55
SRR5800330_1.fastq.gz	239M	May	13	09:56
SRR5800330_2.fastq.gz	250M	May	13	09:56
SRR5800331_1.fastq.gz	344M	May	13	09:57
SRR5800331_2.fastq.gz	360M	May	13	09:57
SRR5800332_1.fastq.gz	112M	May	13	09:58
SRR5800332_2.fastq.gz	117M	May	13	09:58
SRR5800333_1.fastq.gz	19M	May	13	09:58
SRR5800333_2.fastq.gz	21M	May	13	09:58
SRR5800334_1.fastq.gz	197M	May	13	09:59
SRR5800334_2.fastq.gz	211M	May	13	09:59
SRR5800335_1.fastq.gz	413M	May	13	10:00
SRR5800335_2.fastq.gz	434M	May	13	10:00
SRR5800336_1.fastq.gz	389M	May	13	10:01
SRR5800336_2.fastq.gz	407M	May	13	10:01
SRR5800337_1.fastq.gz	149M	May	13	10:02
SRR5800337_2.fastq.gz	140M	May	13	10:02
SRR5800338_1.fastq.gz	150M	May	13	10:02
SRR5800338_2.fastq.gz	139M	May	13	10:02
SRR5800339_1.fastq.gz	95M	May	13	10:02
SRR5800339_2.fastq.gz	91M	May	13	10:02
SRR5800340_1.fastq.gz	465M	May	13	10:04
SRR5800340_2.fastq.gz	439M	May	13	10:04
SRR5800341_1.fastq.gz	367M	May	13	10:05
SRR5800341_2.fastq.gz	395M	May	13	10:05
SRR5800342_1.fastq.gz	345M	May	13	10:06
SRR5800342_2.fastq.gz	329M	May	13	10:06
SRR5800343_1.fastq.gz	309M	May	13	10:07
SRR5800343_2.fastq.gz	290M	May	13	10:07
SRR5800344_1.fastq.gz	132M	May	13	10:07
SRR5800344_2.fastq.gz	127M	May	13	10:07
SRR5800345_1.fastq.gz	247M	May	13	10:08
SRR5800345_2.fastq.gz	238M	May	13	10:08
SRR5800346_1.fastq.gz	462M	May	13	10:09
SRR5800346_2.fastq.gz	472M	May	13	10:09
SRR5800347_1.fastq.gz	369M	May	13	10:10
SRR5800347_2.fastq.gz	344M	May	13	10:10
SRR5800348_1.fastq.gz	1203M	May	13	10:13
SRR5800348_2.fastq.gz	1205M	May	13	10:13
SRR5800349_1.fastq.gz	836M	May	13	10:15
SRR5800349_2.fastq.gz	822M	May	13	10:15
SRR5800350_1.fastq.gz	83M	May	13	10:16
SRR5800350_2.fastq.gz	78M	May	13	10:16
SRR5800351_1.fastq.gz	195M	May	13	10:17
SRR5800351_2.fastq.gz	198M	May	13	10:17
SRR5800352_1.fastq.gz	192M	May	13	10:18
SRR5800352_2.fastq.gz	209M	May	13	10:18
SRR5800353_1.fastq.gz	378M	May	13	10:22
SRR5800353_2.fastq.gz	382M	May	13	10:22
SRR5800354_1.fastq.gz	638M	May	13	10:27
SRR5800354_2.fastq.gz	602M	May	13	10:27
SRR5800355_1.fastq.gz	243M	May	13	10:29
SRR5800355_2.fastq.gz	228M	May	13	10:29
SRR5800356_1.fastq.gz	125M	May	13	10:30
SRR5800356_2.fastq.gz	133M	May	13	10:30
SRR5800357_1.fastq.gz	122M	May	13	10:31
SRR5800357_2.fastq.gz	115M	May	13	10:31
SRR5800358_1.fastq.gz	430M	May	13	10:34
SRR5800358_2.fastq.gz	459M	May	13	10:34
SRR5800359_1.fastq.gz	9M	May	13	10:34
SRR5800359_2.fastq.gz	9M	May	13	10:34
SRR5800360_1.fastq.gz	185M	May	13	10:35
SRR5800360_2.fastq.gz	172M	May	13	10:35
SRR5800361_1.fastq.gz	234M	May	13	12:32
SRR5800361_2.fastq.gz	221M	May	13	12:32
SRR5800362_1.fastq.gz	312M	May	13	12:34
SRR5800362_2.fastq.gz	325M	May	13	12:34
SRR5800363_1.fastq.gz	105M	May	13	12:34
SRR5800363_2.fastq.gz	109M	May	13	12:34
SRR5800364_1.fastq.gz	304M	May	13	12:36
SRR5800364_2.fastq.gz	313M	May	13	12:36
SRR5800365_1.fastq.gz	505M	May	13	12:38
SRR5800365_2.fastq.gz	495M	May	13	12:38
SRR5800366_1.fastq.gz	125M	May	13	12:39
SRR5800366_2.fastq.gz	114M	May	13	12:39
SRR5800367_1.fastq.gz	337M	May	13	12:40
SRR5800367_2.fastq.gz	349M	May	13	12:40
SRR5800368_1.fastq.gz	343M	May	13	12:42
SRR5800368_2.fastq.gz	337M	May	13	12:42
SRR5800369_1.fastq.gz	260M	May	13	12:42
SRR5800369_2.fastq.gz	266M	May	13	12:42
SRR5800370_1.fastq.gz	175M	May	13	12:43
SRR5800370_2.fastq.gz	181M	May	13	12:43
SRR5800371_1.fastq.gz	207M	May	13	12:44
SRR5800371_2.fastq.gz	222M	May	13	12:44
SRR5800372_1.fastq.gz	501M	May	13	12:45
SRR5800372_2.fastq.gz	502M	May	13	12:45
SRR5800373_1.fastq.gz	176M	May	13	12:46
SRR5800373_2.fastq.gz	191M	May	13	12:46
SRR5800374_1.fastq.gz	41M	May	13	12:46
SRR5800374_2.fastq.gz	39M	May	13	12:46
SRR5800375_1.fastq.gz	142M	May	13	12:46
SRR5800375_2.fastq.gz	148M	May	13	12:46
SRR5800376_1.fastq.gz	206M	May	13	12:47
SRR5800376_2.fastq.gz	217M	May	13	12:47
SRR5800377_1.fastq.gz	486M	May	13	12:48
SRR5800377_2.fastq.gz	467M	May	13	12:48
SRR5800378_1.fastq.gz	228M	May	13	12:49
SRR5800378_2.fastq.gz	243M	May	13	12:49
SRR5800379_1.fastq.gz	650M	May	13	12:51
SRR5800379_2.fastq.gz	649M	May	13	12:51
SRR5800380_1.fastq.gz	404M	May	13	12:52
SRR5800380_2.fastq.gz	412M	May	13	12:52
SRR5800381_1.fastq.gz	559M	May	13	12:53
SRR5800381_2.fastq.gz	535M	May	13	12:53
SRR5800382_1.fastq.gz	376M	May	13	12:55
SRR5800382_2.fastq.gz	357M	May	13	12:55
SRR5800383_1.fastq.gz	190M	May	13	12:55
SRR5800383_2.fastq.gz	195M	May	13	12:55
SRR5800384_1.fastq.gz	122M	May	13	12:56
SRR5800384_2.fastq.gz	126M	May	13	12:56
SRR5800385_1.fastq.gz	295M	May	13	12:57
SRR5800385_2.fastq.gz	277M	May	13	12:57
SRR5800386_1.fastq.gz	156M	May	13	12:57
SRR5800386_2.fastq.gz	160M	May	13	12:57
SRR5800387_1.fastq.gz	929M	May	13	12:59
SRR5800387_2.fastq.gz	877M	May	13	12:59
SRR5800388_1.fastq.gz	110M	May	13	13:00
SRR5800388_2.fastq.gz	98M	May	13	13:00
SRR5800389_1.fastq.gz	308M	May	13	13:01
SRR5800389_2.fastq.gz	294M	May	13	13:01
SRR5800390_1.fastq.gz	266M	May	13	13:01
SRR5800390_2.fastq.gz	261M	May	13	13:01
SRR5800391_1.fastq.gz	641M	May	13	13:03
SRR5800391_2.fastq.gz	668M	May	13	13:03
SRR5800392_1.fastq.gz	317M	May	13	13:04
SRR5800392_2.fastq.gz	299M	May	13	13:04
SRR5800393_1.fastq.gz	284M	May	13	13:05
SRR5800393_2.fastq.gz	305M	May	13	13:05
SRR5800394_1.fastq.gz	365M	May	13	13:06
SRR5800394_2.fastq.gz	336M	May	13	13:06
SRR5800395_1.fastq.gz	437M	May	13	13:07
SRR5800395_2.fastq.gz	447M	May	13	13:07
SRR5800396_1.fastq.gz	987M	May	13	13:10
SRR5800396_2.fastq.gz	943M	May	13	13:10
SRR5800397_1.fastq.gz	799M	May	13	13:12
SRR5800397_2.fastq.gz	767M	May	13	13:12
SRR5800398_1.fastq.gz	109M	May	13	13:13
SRR5800398_2.fastq.gz	103M	May	13	13:13
SRR5800399_1.fastq.gz	322M	May	13	13:14
SRR5800399_2.fastq.gz	334M	May	13	13:14
SRR5800400_1.fastq.gz	309M	May	13	13:16
SRR5800400_2.fastq.gz	306M	May	13	13:16
SRR5800401_1.fastq.gz	751M	May	13	13:18
SRR5800401_2.fastq.gz	746M	May	13	13:18
SRR5800402_1.fastq.gz	781M	May	13	13:19
SRR5800402_2.fastq.gz	766M	May	13	13:19
SRR5800403_1.fastq.gz	265M	May	13	13:20
SRR5800403_2.fastq.gz	286M	May	13	13:20
SRR5800404_1.fastq.gz	24M	May	13	13:21
SRR5800404_2.fastq.gz	25M	May	13	13:21
SRR5800405_1.fastq.gz	561M	May	13	13:22
SRR5800405_2.fastq.gz	528M	May	13	13:22
SRR5800406_1.fastq.gz	350M	May	13	13:23
SRR5800406_2.fastq.gz	332M	May	13	13:23
SRR5800407_1.fastq.gz	131M	May	13	13:23
SRR5800407_2.fastq.gz	125M	May	13	13:23
SRR5800408_1.fastq.gz	250M	May	13	13:24
SRR5800408_2.fastq.gz	261M	May	13	13:24
SRR5800409_1.fastq.gz	422M	May	13	13:25
SRR5800409_2.fastq.gz	429M	May	13	13:25
SRR5800410_1.fastq.gz	191M	May	13	13:26
SRR5800410_2.fastq.gz	171M	May	13	13:26
SRR5800411_1.fastq.gz	222M	May	13	13:27
SRR5800411_2.fastq.gz	233M	May	13	13:27
SRR5800412_1.fastq.gz	241M	May	13	13:27
SRR5800412_2.fastq.gz	231M	May	13	13:27
SRR5800413_1.fastq.gz	486M	May	13	13:29
SRR5800413_2.fastq.gz	496M	May	13	13:29
SRR5800414_1.fastq.gz	364M	May	13	13:30
SRR5800414_2.fastq.gz	351M	May	13	13:30
SRR5800415_1.fastq.gz	129M	May	13	13:30
SRR5800415_2.fastq.gz	121M	May	13	13:30
SRR5800416_1.fastq.gz	608M	May	13	13:32
SRR5800416_2.fastq.gz	575M	May	13	13:32
SRR5800417_1.fastq.gz	304M	May	13	13:33
SRR5800417_2.fastq.gz	291M	May	13	13:33
SRR5800418_1.fastq.gz	246M	May	13	13:34
SRR5800418_2.fastq.gz	234M	May	13	13:34
SRR5800419_1.fastq.gz	283M	May	13	13:35
SRR5800419_2.fastq.gz	295M	May	13	13:35
SRR5800420_1.fastq.gz	362M	May	13	13:36
SRR5800420_2.fastq.gz	372M	May	13	13:36
SRR5800421_1.fastq.gz	696M	May	13	13:40
SRR5800421_2.fastq.gz	654M	May	13	13:40
SRR5800422_1.fastq.gz	444M	May	13	13:41
SRR5800422_2.fastq.gz	425M	May	13	13:41
SRR5800423_1.fastq.gz	316M	May	13	13:42
SRR5800423_2.fastq.gz	338M	May	13	13:42
SRR5800424_1.fastq.gz	80M	May	13	13:42
SRR5800424_2.fastq.gz	88M	May	13	13:42
SRR5800425_1.fastq.gz	136M	May	13	13:43
SRR5800425_2.fastq.gz	126M	May	13	13:43
SRR5800426_1.fastq.gz	263M	May	13	13:44
SRR5800426_2.fastq.gz	274M	May	13	13:44
SRR5800427_1.fastq.gz	82M	May	13	13:44
SRR5800427_2.fastq.gz	74M	May	13	13:44
SRR5800428_1.fastq.gz	230M	May	13	13:45
SRR5800428_2.fastq.gz	244M	May	13	13:45
SRR5800429_1.fastq.gz	256M	May	13	13:45
SRR5800429_2.fastq.gz	247M	May	13	13:45
SRR5800430_1.fastq.gz	431M	May	13	13:47
SRR5800430_2.fastq.gz	409M	May	13	13:47
SRR5800431_1.fastq.gz	216M	May	13	13:48
SRR5800431_2.fastq.gz	206M	May	13	13:48
SRR5800432_1.fastq.gz	140M	May	13	13:49
SRR5800432_2.fastq.gz	133M	May	13	13:49
SRR5800433_1.fastq.gz	410M	May	13	13:51
SRR5800433_2.fastq.gz	417M	May	13	13:51
SRR5800434_1.fastq.gz	226M	May	13	13:52
SRR5800434_2.fastq.gz	227M	May	13	13:52
SRR5800435_1.fastq.gz	336M	May	13	13:53
SRR5800435_2.fastq.gz	350M	May	13	13:53
SRR5800436_1.fastq.gz	411M	May	13	13:54
SRR5800436_2.fastq.gz	403M	May	13	13:54
SRR5800437_1.fastq.gz	120M	May	13	13:54
SRR5800437_2.fastq.gz	119M	May	13	13:54
SRR5800438_1.fastq.gz	703M	May	13	13:57
SRR5800438_2.fastq.gz	716M	May	13	13:57
SRR5800439_1.fastq.gz	5M	May	13	13:57
SRR5800439_2.fastq.gz	5M	May	13	13:57
SRR5800440_1.fastq.gz	118M	May	13	13:57
SRR5800440_2.fastq.gz	112M	May	13	13:57
SRR5800441_1.fastq.gz	72M	May	13	13:57
SRR5800441_2.fastq.gz	74M	May	13	13:57
SRR5800442_1.fastq.gz	386M	May	13	13:59
SRR5800442_2.fastq.gz	369M	May	13	13:59
SRR5800443_1.fastq.gz	290M	May	13	14:00
SRR5800443_2.fastq.gz	298M	May	13	14:00
SRR5800444_1.fastq.gz	219M	May	13	14:01
SRR5800444_2.fastq.gz	210M	May	13	14:01
SRR5800445_1.fastq.gz	403M	May	13	14:02
SRR5800445_2.fastq.gz	393M	May	13	14:02
SRR5800446_1.fastq.gz	84M	May	13	14:02
SRR5800446_2.fastq.gz	90M	May	13	14:02
SRR5800447_1.fastq.gz	392M	May	13	14:04
SRR5800447_2.fastq.gz	367M	May	13	14:04
SRR5800448_1.fastq.gz	182M	May	13	14:04
SRR5800448_2.fastq.gz	193M	May	13	14:04
SRR5800449_1.fastq.gz	340M	May	13	14:05
SRR5800449_2.fastq.gz	324M	May	13	14:05
SRR5800450_1.fastq.gz	236M	May	13	14:06
SRR5800450_2.fastq.gz	231M	May	13	14:06
SRR5800451_1.fastq.gz	65M	May	13	14:06
SRR5800451_2.fastq.gz	60M	May	13	14:06
SRR5800452_1.fastq.gz	45M	May	13	14:06
SRR5800452_2.fastq.gz	45M	May	13	14:06
SRR5800453_1.fastq.gz	818M	May	13	14:10
SRR5800453_2.fastq.gz	781M	May	13	14:10
SRR5800454_1.fastq.gz	849M	May	13	14:12
SRR5800454_2.fastq.gz	849M	May	13	14:12
SRR5800455_1.fastq.gz	741M	May	13	14:15
SRR5800455_2.fastq.gz	808M	May	13	14:15
SRR5800456_1.fastq.gz	518M	May	13	14:16
SRR5800456_2.fastq.gz	525M	May	13	14:16
SRR5800457_1.fastq.gz	717M	May	13	14:18
SRR5800457_2.fastq.gz	716M	May	13	14:18
SRR5800458_1.fastq.gz	21M	May	13	14:19
SRR5800458_2.fastq.gz	20M	May	13	14:19
SRR5800459_1.fastq.gz	63M	May	13	14:19
SRR5800459_2.fastq.gz	63M	May	13	14:19
SRR5800460_1.fastq.gz	11M	May	13	14:19
SRR5800460_2.fastq.gz	10M	May	13	14:19
SRR5800461_1.fastq.gz	601M	May	13	14:21
SRR5800461_2.fastq.gz	593M	May	13	14:21
SRR5800462_1.fastq.gz	638M	May	13	14:23
SRR5800462_2.fastq.gz	642M	May	13	14:23
SRR5800463_1.fastq.gz	398M	May	13	14:24
SRR5800463_2.fastq.gz	393M	May	13	14:24
SRR5800464_1.fastq.gz	245M	May	13	14:25
SRR5800464_2.fastq.gz	250M	May	13	14:25
SRR5800465_1.fastq.gz	662M	May	13	14:27
SRR5800465_2.fastq.gz	649M	May	13	14:27
SRR5800466_1.fastq.gz	933M	May	13	14:30
SRR5800466_2.fastq.gz	958M	May	13	14:30
SRR5800467_1.fastq.gz	745M	May	13	14:32
SRR5800467_2.fastq.gz	707M	May	13	14:32
SRR5800468_1.fastq.gz	11M	May	13	14:32
SRR5800468_2.fastq.gz	10M	May	13	14:32
SRR5800469_1.fastq.gz	3M	May	13	14:32
SRR5800469_2.fastq.gz	3M	May	13	14:32
SRR5800470_1.fastq.gz	4M	May	13	14:32
SRR5800470_2.fastq.gz	4M	May	13	14:32
SRR5800471_1.fastq.gz	95M	May	13	14:33
SRR5800471_2.fastq.gz	92M	May	13	14:33
SRR5800472_1.fastq.gz	784M	May	13	14:35
SRR5800472_2.fastq.gz	716M	May	13	14:35
SRR5800473_1.fastq.gz	93M	May	13	14:35
SRR5800473_2.fastq.gz	96M	May	13	14:35
SRR5800474_1.fastq.gz	113M	May	13	14:36
SRR5800474_2.fastq.gz	114M	May	13	14:36
SRR5800475_1.fastq.gz	566M	May	13	14:38
SRR5800475_2.fastq.gz	563M	May	13	14:38
SRR5800476_1.fastq.gz	1M	May	13	14:38
SRR5800476_2.fastq.gz	1M	May	13	14:38
SRR5800477_1.fastq.gz	287M	May	13	14:39
SRR5800477_2.fastq.gz	284M	May	13	14:39
SRR5800478_1.fastq.gz	313M	May	13	14:40
SRR5800478_2.fastq.gz	307M	May	13	14:40
SRR5800479_1.fastq.gz	328M	May	13	14:41
SRR5800479_2.fastq.gz	328M	May	13	14:41
SRR5800480_1.fastq.gz	258M	May	13	14:41
SRR5800480_2.fastq.gz	241M	May	13	14:41
SRR5800481_1.fastq.gz	5M	May	13	14:41
SRR5800481_2.fastq.gz	5M	May	13	14:41
SRR5800482_1.fastq.gz	113M	May	13	14:42
SRR5800482_2.fastq.gz	107M	May	13	14:42
SRR5800483_1.fastq.gz	602M	May	13	14:44
SRR5800483_2.fastq.gz	599M	May	13	14:44
SRR5800484_1.fastq.gz	31M	May	13	14:44
SRR5800484_2.fastq.gz	31M	May	13	14:44
SRR5800485_1.fastq.gz	1715M	May	13	14:50
SRR5800485_2.fastq.gz	1731M	May	13	14:50
